E-Posta Adresi,Şifre,Hesap Türü
ixxksdj@example.com,b<X82~@:j6,Öğrenci
mdavbvx@inbox.com,"yNVE{+""%4!",Öğrenci
asxbyof@inbox.com,i<y<f_?LvH,Mezun
bpyginx@mail.com,m\B9pciEA7,Öğrenci
lzwvxgd@mail.com,&1Hid(K'Wt,Öğrenci
rfgnnyu@example.com,"VB,=l8diev",Öğrenci
csuhmkj@inbox.com,3zlY*jhHE',Öğrenci
yxwhahi@mail.com,",|tJFX]fQh",Mezun
fzbvqwp@example.com,n}'r&.$-5l,Mezun
fweciug@inbox.com,n1vIBq{|(P,Mezun
hlpnnow@mail.com,IlR@d^q1D>,Öğrenci
nhiytft@mail.com,V]=HYc%D~A,Mezun
tprlmtx@inbox.com,/oZ%J>>WmD,Mezun
evzhndk@inbox.com,9<MI5V:s~O,Öğrenci
ounqqqu@example.com,[8Bf)]=p{7,Öğrenci
rsegwrh@inbox.com,IT#9O/|xk+,Öğrenci
xgdqcox@example.com,|1:)[+~~0v,Öğrenci
dgvilry@example.com,A%-c6>[lW;,Öğrenci
shrbqfr@example.com,</!x>6]aR!,Mezun
woanetr@example.com,w/%Yd(A$#Z,Mezun
